<?xml version="1.0" encoding="UTF-8" standalone="no"?>
<ExtensionManifest
Version="6.0"
ExtensionBundleId="com.aitools-bolt.cep"
ExtensionBundleVersion="0.0.1"
ExtensionBundleName="Ai Tools Bolt"
xmlns:xsi="http://www.w3.org/2001/XMLSchema-instance"
>
<ExtensionList>
  <Extension Id="com.aitools-bolt.cep.main" Version="0.0.1" />
</ExtensionList>
<ExecutionEnvironment>
  <HostList>
    <Host Name="ILST" Version="[0.0,99.9]" />
  </HostList>
  <LocaleList>
    <Locale Code="All" />
  </LocaleList>
  <RequiredRuntimeList>
    <RequiredRuntime Name="CSXS" Version="9.0" />
  </RequiredRuntimeList>
</ExecutionEnvironment>
<DispatchInfoList>
  <Extension Id="com.aitools-bolt.cep.main">
    <DispatchInfo>
      <Resources>
        <MainPath>./main/index.html</MainPath>
        <CEFCommandLine>
          <Parameter>--v=0</Parameter>
          <Parameter>--enable-nodejs</Parameter>
          <Parameter>--mixed-context</Parameter>
        </CEFCommandLine>
      </Resources>
      <Lifecycle>
        <AutoVisible>true</AutoVisible>
      </Lifecycle>
      <UI>
        <Type>Panel</Type>
        <Menu>Ai Tools Bolt</Menu>
        <Geometry>
          <Size>
            <Width>375</Width>
            <Height>650</Height>
          </Size>
          <MaxSize>
            <Width>800</Width>
            <Height>1000</Height>
          </MaxSize>
          <MinSize>
            <Width>300</Width>
            <Height>400</Height>
          </MinSize>
        </Geometry>
        <Icons>
          <Icon Type="Normal">./assets/dark-icon.png</Icon>
          <Icon Type="DarkNormal">./assets/light-icon.png</Icon>
          <Icon Type="RollOver">./assets/dark-icon.png</Icon>
          <Icon Type="DarkRollOver">./assets/light-icon.png</Icon>
        </Icons>
      </UI>
    </DispatchInfo>
  </Extension>
</DispatchInfoList>
</ExtensionManifest>